,track_id,track_name,artist_name,lyrics
0,265388010,Stumblin' In,Cyril,"Our love is alive, and so we begin
Foolishly laying our hearts on the table, stumblin' in
Our love is a flame, burning within
Now and then, firelight will catch us stumblin' in

Wherever you go, whatever you do
You know these reckless thoughts of mine are following you
I've fallen for you, whatever you do
'Cause baby, you've shown me so many things that I never knew
Whatever it takes, baby, I'll do it for you
...

******* This Lyrics is NOT for Commercial use *******
(1409621126359)"
1,259898603,Vois sur ton chemin (Techno Mix),BENNETT,"Vois sur ton chemin
Gamins oubliés, égarés
Donne-leur la main
Pour les mener
Vers d'autres lendemains
(Donne-leur la main pour les mener)
(Vers d'autres lendemains)

Sens, au cœur de la nuit (au coeur de la nuit)
L'onde d'espoir, ardeur de la vie
Sentier de gloire
(Ardeur de la vie, de la vie)
(Sentier de gloire, sentier de gloire)

Bonheurs enfantins
Trop vite oubliés, effacés
Une lumière dorée brille sans fin
Tout au bout du chemin
(Vite oubliés, effacés)
(Une lumière dorée brille sans fin)

Sens, au cœur de la nuit (au coeur de la nuit)
L'onde d'espoir
Sens, au cœur de la nuit (au coeur de la nuit)
L'onde d'espoir
Sens, au cœur de la nuit (au coeur de la nuit)
...

******* This Lyrics is NOT for Commercial use *******
(1409621126359)"
2,272421778,Whatever,Kygo feat. Ava Max,"There's a space in my heart
When it all comes crashing down
Anytime I hear your name out in public

There's a place that I go
Every time that you're in town
It's just me and the knots in my stomach

And it's true
It wasn't easy getting over you
But that's just what I had to do

Whatever, whatever
We were never good together
I'll be here and you stay there
Truth is I never cared

Whatever, whatever
Two years, that ain't forever
I'll be here and you stay there
Won't see me cry no tears

Whatever, whatever
...

******* This Lyrics is NOT for Commercial use *******
(1409621126359)"
3,263857808,Overdrive (feat. Norma Jean Martine),Ofenbach feat. Norma Jean Martine,"I wanna feel the heat, I wanna own the night
I wanna feel the beat, I wanna dance tonight
I wanna lose myself, I wanna come alive
I wanna feel the love, go into overdrive

I wanna feel the heat, I wanna own the night
I wanna feel the beat, I wanna dance tonight
I wanna lose myself, I wanna come alive
I wanna feel the love, I wanna go into overdrive
Into overdrive (oh)

Mm
...

******* This Lyrics is NOT for Commercial use *******
(1409621126359)"
4,265259301,Houdini,Dua Lipa,"Okay, huh, mm, ah

I come and I go
Tell me all the ways you need me
I'm not here for long
Catch me or I go Houdini
I come and I go
Prove you got the right to please me
Everybody knows
Catch me or I go Houdini

Time is passin' like a solar eclipse
See you watchin' and you blow me a kiss
It's your moment, baby, don't let it slip
Come in closer, are you readin' my lips?

They say I come and I go
Tell me all the ways you need me
I'm not here for long
Catch me or I go Houdini
I come and I go
...

******* This Lyrics is NOT for Commercial use *******
(1409621126359)"
5,253266374,Komet,Udo Lindenberg feat. Apache 207,"Da-da-da
Da-dei, da-da

Ich hör die Möwen sing'n am Hafen
Das letzte Lied zum Rausschmiss
Zähl schon lang nicht mehr die Jahre
Die ich im dichten Rauch sitz

Hier war vorher mal 'ne andre Bar
Doch der Schnaps schmeckt noch genauso
Und wenn ich irgendwo zu Hause war
Dann immer dort, wo der Applaus tobt

Und wenn ich geh, dann so, wie ich gekommen bin
Wie ein Komet, der zweimal einschlägt
Vielleicht tut es weh, doch will auf Nummer sicher geh'n
Dass ich für immer leb, lass uns nochmal aufdreh'n
...

******* This Lyrics is NOT for Commercial use *******
(1409621126359)"
6,258292930,Lose Control,Teddy Swims,"Something's got a hold of me lately
No, I don't know myself anymore
Feels like the walls are all closing in
And the devil's knocking at my door, whoa

Out of my mind, how many times
Did I tell you I'm no good at being alone?
Yeah, it's taking a toll on me, trying my best to keep
From tearing the skin off my bones, don't you know

I lose control
When you're not next to me
I'm falling apart right in front of you, can't you see?
I lose control
When you're not next to me, mm-hmm
...

******* This Lyrics is NOT for Commercial use *******
(1409621126359)"
7,272421794,One By One (feat. Oaks),Robin Schulz feat. Topic & Oaks,"Come keep me up, this one's for us
Pour up the memories one by one

Late night in the city, lucid fever dream
Neon lights all up and down the street
Young love in the backseat, we got all we need
Dancing in the dark to your heartbeat, heartbeat

Come keep me up, our night is young
Pour up the memories one by one
Come keep me up, this one's for us
Pour up the memories one by one
...

******* This Lyrics is NOT for Commercial use *******
(1409621126359)"
8,263060846,Dreaming,P!nk,"Will you stay with me? Will you be my love
As the days get longer?
Will you follow me? Never let me go?

Let's keep dreamin'
Dreamin' as the sun goes down
Stars are dancin'
Dancin' as the world turns 'round

When it's said and done, I'll keep holdin' on
Even in the silence
I can hear your voice through all of the noise
Yeah, yeah

We'll keep dreamin'
...

******* This Lyrics is NOT for Commercial use *******
(1409621126359)"
9,265274694,Lovin On Me,Jack Harlow,"I don't like no whips and chains, and you can't tie me down
But you can whip your lovin' on me, baby
Whip your lovin' on me, baby

I'm vanilla, baby (I don't like no whips and chains, and you can't tie me down)
I'll choke you, but I ain't no killer, baby
She 28 tellin' me I'm still a baby (but you can whip your lovin' on me, baby)
I get love in Detroit like Skilla Baby (whip your lovin' on me, baby)
And the thing about your boy is
I don't like no whips and chains, and you can't tie me down
But you can whip your lovin' on me, baby (that's right, that's right)
Whip your lovin' on me, baby

Young J-A-C-K, AKA
Rico like Suave, Young Enrique
Speakin' of AKA, she's an alpha
But not around your boy, she get quiet 'round your boy, hold on (shh)
Don't know what you heard or what you thought about your boy
But they lied about your boy, goin' dumb, and it's somethin' idiotic 'bout your boy
She wearing cheetah print, that's how bad she wanna be spotted 'round your boy

...

******* This Lyrics is NOT for Commercial use *******
(1409621126359)"
10,265238573,When We Were Young (The Logical Song),David Guetta feat. Kim Petras,"When we were young
It seemed that life was so wonderful
A colorful miracle
Remember how everything was so beautiful?

I miss the old days when the skies were blue
I miss the long nights stayin' up with you
I miss the summer 'cause we were in it together

I miss my hometown, don't you miss it too?
Drivin' to nowhere, nothing else to do
I miss the old days, I wish they lasted forever

...

******* This Lyrics is NOT for Commercial use *******
(1409621126359)"
11,263034414,I'll Be There,Robin Schulz feat. Rita Ora & Tiago PZK,"Circles, keep running in circles
Feels like every dream you've ever had just slowly fades away
Hopeless, some days feel so hopeless
Just another day, another struggle, 'nother win to chase

Yeah, I get that sometimes life can bring you down
And you try to win the fight, but you don't know how

Whenever you're falling and you don't know where you're going
Even if your wings are broken, soon enough, you'll fly again
When everything's failing and your eyes just won't stop raining
Even if your fire's out, then soon enough, you'll burn again

You know in the ups and downs, I'll be there
...

******* This Lyrics is NOT for Commercial use *******
(1409621126359)"
12,266716937,Mess It Up (Purple Disco Machine Remix),The Rolling Stones,"You think I'll mess it up, mess it up, mess it up all for you
You think I'll mess it up, mess it up, mess it up all for you

You stole my numbers, you stole my codes
You took my keys, and then you nicked my phone
Seduced my landlord, broke in my home
Don't get excited, why don't you leave me alone?

You think I'll mess it up, mess it up, mess it up all for you
You think I'll mess it up, mess it up, mess it up all for you
You think I'm really, really, really gonna really make your dreams come true
Yeah, you say you really, really, really, really wanna hear the truth, oh
...

******* This Lyrics is NOT for Commercial use *******
(1409621126359)"
13,263062707,Cynical,twocolors feat. Safri Duo & Chris de Sarandy,"I wish that I was someone you need now
Wanna know how you'll be happy again
I'm not someone who always speaks out
Now I see our memories through the rain

Night and day, I still wanna dance in your parade
But you change your lane, I know you now

You're lost in your own crowd, it's time to figure out
We sit in silence, I wish you'd say it loud
Are you in or are you out? It's time to tell me now
I can't keep hiding, I just wanna be found

It's time for you to let me go
Please don't ever let me know
In time for you to let me go
...

******* This Lyrics is NOT for Commercial use *******
(1409621126359)"
14,133470754,Oh L'Amour,Erasure,"Oh l'amour
Broke my heart
Now I'm aching for you
Mon amour
What's a boy in love
Supposed to do?

Looking for you
You were looking for me
Always reaching for you
You were too blind to see

Oh, love of my heart
Why leave me alone?
I'm falling apart
No good on my own

Oh l'amour
Broke my heart
And now I'm aching for you
Mon amour
What's a boy in love
Supposed to do?

...

******* This Lyrics is NOT for Commercial use *******
(1409621126359)"
15,260357378,Prada,cassö feat. RAYE & D-Block Europe,"'Bout to take my lady Selfridges
New drip on the way, uh-huh
Rap nigga still sellin' bricks
Half a cake on the way, uh-huh
Take a flight, she wanna take a Lyft
For the molly man, he's on the way, uh-huh
I might take her The Shard, I might take her The Ritz
It don't matter, baby, I'm straight, uh-huh

I feel like I'm in Prince's house
Purple paint all on the walls, uh-huh
Sittin' down on this fancy couch
And I can't see straight, I'm a state, uh-huh
22, I'm in Paris, baby
Got a strippers tits in my face, uh-huh
Pull up in a Bentley
I want Christian, I want Fendi

I want Prada
Ooh, ooh, ooh
I already make that paper
I don't need to chase no clout, wow
I don't usually pipe up
...

******* This Lyrics is NOT for Commercial use *******
(1409621126359)"
16,271094307,"Du, Du, Du",Beatrice Egli,"Ich werde schwach und sag
Du Du Du
Machst mit mir heut Nacht kein
Auge zu
Was du auch willst
Wir können's
Tun tun tun
Das hier ist keine Lüge
Das sind echte Gefühle

Ich hab dich tanzen gesehen
Wie du dich bewegst
Will doch nur wissen wie du heißt

Wie könnt ich wiederstehen
Hast mir mein Kopf verdreht
Aber was ist schon dabei

Nein es tut mir nicht leid
Weil ich's genau so mein
Ich red es mir nicht ein
Das hier ist keine Lüge
Das sind echte Gefühle

Ich werde schwach und sag
Du Du Du
Machst mit mir heut Nacht kein
Auge zu
...

******* This Lyrics is NOT for Commercial use *******
(1409621126359)"
17,272502668,Dance You Outta My Head,Cat Janice,"(Dance you outta my)
Walking the moon
And I'm glowing like a million fireflies, mm
A diamond don't glitter half as much as my body tonight
Oh, oh, oh
I catch a glimpse of your face in the neon
Suddenly, begging please, set me free from

Your eyes, your touch
History, secret crush I've gotta hide-ide-ide-ide
You wanna take it away
Wanna dance instead
Get you outta my head

This is getting
Comp-complicated
It's a mess for the ages
When you're feeling a feeling inside
Dancing on the edge of disaster
Makes my heart beat faster
And the feeling, the feeling ain't right

And so I've gotta dance you outta my head
Gonna dance you outta my head
Gonna dance you outta my head
Gonna dance you outta my head
Dance you outta my head
...

******* This Lyrics is NOT for Commercial use *******
(1409621126359)"
18,260294915,Strangers,Kenya Grace,"Uh-huh, uh-huh, uh
Uh-huh, uh-huh, uh
Uh-huh, uh-huh, uh
Uh-huh, uh-huh

Always ends the same
When it was me and you
But every time I meet somebody new
It's like déjà vu (déjà vu)
I swear they sound the same
It's like they know my skin
Every word they say sounds just like him
And it goes like this

We'll get in your car and you'll lean to kiss me
We'll talk for hours and lie on the backseat
Uh-huh, uh-huh, uh
Uh-huh, uh-huh
And then one random night when everything changes
You won't reply and we'll go back to strangers
Uh-huh, uh-huh, uh
Uh-huh, uh-huh, uh

...

******* This Lyrics is NOT for Commercial use *******
(1409621126359)"
19,271425994,Waking Up,Felix Jaehn feat. Leony,"Wakin' up
My feelings like my liquor bottled up
It's 10 a.m., don't think I can get up
I need to get on top of all this stuff

Want to know what's on my mind
It's like an empty space, got tired eyes
Oh-oh, day and night
Oh, day and night

Want to know what's on my mind
It's like an empty space, got tired eyes
Oh-oh, day and night
Oh, day and night
...

******* This Lyrics is NOT for Commercial use *******
(1409621126359)"
20,271431839,Love Hurt Repeat (feat. Mae Muller),Alle Farben feat. Lewis Thompson & Mae Muller,"I like the pain
Am I addicted to the games that we play?
I like the feeling of the highs and the lows
It's like my heart don't even beat 'til it's broke

It goes around and around, builds me up, tears me down
But I'll do it all over again
And so when I hear you say that you just need your space, it's okay
I'm used to wa-wa-walkin' away

Feels like I've been here before like a thousand times
You could fill a river up with the tears I've cried
Yeah, it always goes so wrong when it feels so right
'Cause every time it goes like

""Love, hurt, repeat, love, hurt"", it goes like
...

******* This Lyrics is NOT for Commercial use *******
(1409621126359)"
21,271498692,Alte Liebe rostet nie,Kerstin Ott,"Stand by me Oh, stand by me

Ich schmeiß' für dich noch eine Münze in die Jukebox Und sie spielt unser Lied die ganze Nacht (And the moon—)
Und die Zeit vergeht im Flug, doch wir bleiben wach (So, darlin', darlin') Und dann fühlt sich alles an genau wie früher
Wir haben's einfach viel zu lang nicht mehr gehört Auf einmal ist das Gefühl da, dass die Welt uns gehört (So, darlin', darlin')

Alte Liebe rostet nie (Stand by me, stand by me) Gеnau diese Melodiе (Stand by me) Bringt uns zurück zum ersten Tanz, zum allerersten Kuss
...

******* This Lyrics is NOT for Commercial use *******
(1409621126359)"
22,272270005,"yes, and?",Ariana Grande,"Dancing on, I keep, I keep, I keep, I keep, I keep, I keep
Dancing on, I keep, I keep, I keep, I keep, I keep, I keep
Dancing on, I keep, I keep, I keep, I keep, I keep, I keep
Gonna be at, I know, gonna be at the door

Dancing on, I keep, I keep, I keep, I keep, I keep, I keep
Dancing on, I keep, I keep, I keep, I keep, I keep, I keep
Dancing on, I keep, I keep, I keep, I keep, I keep, I keep
Gonna be at, I know, gonna be at the door

Dancing on, I keep, I keep, I keep, I keep, I keep, I keep
Dancing on, I keep, I keep, I keep, I keep, I keep, I keep
Dancing on, I keep, I keep, I keep, I keep, I keep, I keep

In case you haven't noticed
Well, everybody's tired
And healin' from somebody
Or somethin' we don't see just right

Boy, come on, put your lipstick on (no one can tell you nothin')
Come on and walk this way through the fire (don't care what's on their mind)
And if you find yourself in a dark situation
Just turn on your light and be like

...

******* This Lyrics is NOT for Commercial use *******
(1409621126359)"
23,265354193,Mwaki,Zerb feat. Sofiya Nzau,"Na Niguo Muthee Akoraguo Mwaki
Na Niajirite Digakuhikie
Anyona Muci Niakurakara
Nake Arakara We Dahotagaaa

No Oooo No Ooooo Nouthamire

Mwanake,mwanake Naooo. Naothamire
...

******* This Lyrics is NOT for Commercial use *******
(1409621126359)"
24,40179830,Gute Freunde kann niemand trennen,Franz Beckenbauer,"Gute Freunde kann niemand trennen
Gute Freunde sind nie allein
Weil sie eines im Leben können
Füreinander da zu sein

Gute Freunde kann niemand trennen
Gute Freunde sind nie allein
Weil sie eines im Leben können
Füreinander da zu sein

Lass doch die andern reden
Was kann uns schon geschehen?
Wir werden heut und morgen
Nicht auseinander gehen

...

******* This Lyrics is NOT for Commercial use *******
(1409621126359)"
25,262578120,greedy,Tate McRae,"(Woo!)

He said, ""Are you serious? I've tried, but I can't figure out
I've been next to you all night and still don't know what you're about
You keep ta- (ta-ta-), talkin', but not much comin' out your mouth
Can't you tell that I want you?"" I say, ""Yeah""

I would want myself, baby, please, believe me
I'll put you through hell just to know me, yeah-yeah
So sure of yourself, baby, don't get greedy
That shit won't end well, no, it won't end well
(Uh-uh, uh-uh-uh, uh-uh) (woo)

...

******* This Lyrics is NOT for Commercial use *******
(1409621126359)"
26,272452285,Alors On Danse,Revolverheld,"Sind alt und weiß mit Sonnenbrand
Rasenmäh'n am rechten Rand
Gender:innen, wir sind dagegen
NATO und Papst hab'n uns gesegnet
Sind gerne unter unsresgleichen
Wie in den guten alten Zeiten
Es müssen klare Grenzen her

Gerne direkt am Mittelmeer
Im CLS fühl'n wir uns frei
Zweihundert fahr'n auf der A3
Tempolimit kann noch warten
Kunstschnee fällt in Berchtesgadеn
Steh'n für Qualitätsexporte
Jägеrschnitzel, Döner-Morde
Erinnerungs- und Leitkultur
Übergriffig, stolz und stur
...

******* This Lyrics is NOT for Commercial use *******
(1409621126359)"
27,265238709,The Feeling,Lost Frequencies,"We're dancing, baby, under open skies
My heart is crazy, it tells me you're the one
I should run
And the feeling goes on

Yeah, we fly into the night and fight the break of dawn
We're sipping on our highs, tomorrow we are gone
I should run
And the feeling goes on

And the feeling goes on, and on, and on
And the feeling goes on, and on, and on
Come away tonight, only you and I
And the feeling goes on, and on, and on

And the feeling goes on, and on, and on
And the feeling goes on, and on, and on
Come away tonight, only you and I
...

******* This Lyrics is NOT for Commercial use *******
(1409621126359)"
28,260316042,Paint The Town Red,Doja Cat,"By
Walk on by
Walk on by
Walk on by
Walk on by

Yeah, bitch, I said what I said
I'd rather be famous instead (walk on by)
I let all that get to my head
I don't care, I paint the town red (walk on by)
Bitch, I said what I said
I'd rather be famous instead (walk on by)
I let all that get to my head
I don't care, I paint the town red (walk on by)

Mm, she the devil
She a bad lil' bitch, she a rebel (walk on by)
She put her foot to the pedal
It'll take a whole lot for me to settle (walk on by)
Mm, she the devil
She a bad lil' bitch, she a rebel (walk on by)
She put her foot to the pedal
It'll take a whole lot for me (yeah) to settle (walk on by)

Yeah, said my happiness is all of your misery
I put good dick all in my kidneys (walk on by)
This Margiel' don't come with no jealousy
My illness don't come with no remedy (walk on by)
I am so much fun without Hennessy
They just want my love and my energy (walk on by)
You can't talk no shit without penalties
Bitch, I'm in yo' shit if you send for me (walk on by)

...

******* This Lyrics is NOT for Commercial use *******
(1409621126359)"
29,260205431,Flowers,Miley Cyrus,"We were good, we were gold
Kinda dream that can't be sold
We were right 'til we weren't
Built a home and watched it burn

Mmm, I didn't wanna leave you, I didn't wanna lie
Started to cry, but then remembered I

I can buy myself flowers
Write my name in the sand
Talk to myself for hours
Say things you don't understand
I can take myself dancing
And I can hold my own hand
Yeah, I can love me better than you can

Can love me better, I can love me better, baby
Can love me better, I can love me better, baby

...

******* This Lyrics is NOT for Commercial use *******
(1409621126359)"
30,73484473,Danger,BTS,"Yo in Danger
Yo in Danger
Yo in Danger
Yo in Danger

핸드폰은 장식
나남친이 맞긴 하니? I'm Sick
왜 숙제처럼표현들을 미뤄
우리 무슨 비즈리스? 아님내가싫어?
덩 덩 디기덩덩
좀살가워져라 오늘도또 주문을빌어

우린 평행선,
같은 곳을 보지만 너무 다르지
난 너밖에없는데
왜 너 밖에 있는 것만 같은지
꽁하면 넌 물어 ""삐졋니?""
날 삐치게했던 적이나 있었니
넌 귀요미, 난 지뭇미
생기길 니가 더 사랑하는 기적이

넌 내가 없는데 난 너로 가득해
미칠 것 가타
근데 왜 이러는데 왜 바보를 만들어
나이제 경고해 헷갈리게 하지마

장난해 너 도대체 내가 뭐야
만만해 uh 날갖고 노는거야
너 지금위엄해 왜 나를 시험해
...

******* This Lyrics is NOT for Commercial use *******
(1409621126359)"
31,272421728,One Eyed Bastard,Green Day,"I'm makin' an offer that you cannot deny
You won't be laughin' when I'm makin' you cry
'Cause, ay-oh!
I hear the pleas get louder
You son of a bitch, you're gonna beg and cower

Vendetta is a friend of mine
Revenge is sweeter than wine
I never asked to hear your goddamned feelings
Get on your knees when you are kissin' my ring

Bada bing, bada bing, bada boom
Bada bing, bada bing, bada boom
...

******* This Lyrics is NOT for Commercial use *******
(1409621126359)"
32,254838106,Substitution,Purple Disco Machine feat. Kungs,"(Ooh) been lookin' for a substitution
(Ooh) healin' my heart's confusion
(Ooh) been lookin' for a substitution
But there ain't no one replacing you

Am I high or low? Am I bipolar?
Need another you to shake it, shake it
Oh, I love that face, perfect stranger
'Cause I could use someone to shake it, shake it

But I know that I can't get you outta my head
And I know I can't numb you away
Yeah, I know when I wake up with her instead
No, there ain't no one replacing you
No, there ain't no one replacing you

(Ooh) been lookin' for a substitution
(Ooh) healin' my heart's confusion
...

******* This Lyrics is NOT for Commercial use *******
(1409621126359)"
33,260573551,Gimme Love,Sia,"You don't wanna dance with me
But, babe, that's what I need
Please now, just this once
Dance, babe, dance, baby
You don't wanna sing with me
But, babe, that's what I need
Please now, just this once

Sing, baby, yeah
La-la, la, la
Sing, baby

La-la, la, la, da, la

Come now, do this just for me, yeah
I don't ask for much
Gimme love, gimme love, gimme love, baby
(Gimme love, gimme love, gimme love)
Oh, please now, do this just for me, yeah
...

******* This Lyrics is NOT for Commercial use *******
(1409621126359)"
34,93194793,Murder On the Dancefloor,Sophie Ellis-Bextor,"It's murder on the dance floor
You'd better not kill the groove
DJ, gonna burn this goddamn house right down

Oh I know, I know, I know, I know, I know, I know, I know
About your kind
And so, and so, and so, and so, and so, and so, and so
I'll have to play

If you think you're getting away
I will prove you wrong
I'll take you all the way
Boy, just come along
Hear me when I say
Hey

It's murder on the dance floor
But you'd better not kill the groove
Hey, hey
It's murder on the dance floor
But you'd better not steal the moves
DJ, gonna burn this goddamn house right down

Oh I know, I know, I know, I know, I know, I know, I know
There may be others
And so, and so, and so, and so, and so, and so, and so
...

******* This Lyrics is NOT for Commercial use *******
(1409621126359)"
35,272452143,Naiv,Marie Reim,"Für dich bin ich wieder naiv
Denn deine Blicke gehen so tief
Heute Nacht für eine Nacht bin ich wieder verliebt

Es ist wieder so weit, hast meine Bilder geliked
Und schreibst, du wärst jetzt gerne bei mir
Ich fall wieder drauf rein, wir chatten nachts bis um drei
Ich klick auf ""Standort teilen"" mit dir

Denn du hast gesagt, dein Herz wäre frei
Und es ist wirklich aus mit ihr
Der Ring an der Hand bedeutet dir nichts
Verdammt, wieso glaub ich dir?

Für dich bin ich wieder naiv
...

******* This Lyrics is NOT for Commercial use *******
(1409621126359)"
36,272451645,Beautiful Things,Benson Boone,"For a while there it was rough
But lately, I've been doin' better
Than the last four cold Decembers I recall

And I see my family every month
I found a girl my parents love
She'll come and stay the night
And I think I might have it all

And I thank God every day
For the girl he sent my way
But I know the things he gives me
He can take away
And I hold you every night
That's a feeling I wanna get used to
But there's no man as terrified
As the man who stands to lose you
...

******* This Lyrics is NOT for Commercial use *******
(1409621126359)"
37,261289852,Tausende mehr,Florian Künstler,"Du bist nicht allein, da sind Tausende mehr
Wir liegen nachts wach, unsre Köpfe sind schwer
Das ist nicht für immer, das ist nur temporär
Du bist nicht allein, da sind Tausende mehr

Das Mutigste, was ich je tat
War nach Hilfe zu fragen
Der Weg dahin war so hart
Hatte Steine im Magen

Hatte Angst, nach draußen zu geh'n
Dass alle seh'n, wie traurig ich bin
""Ich schaff das allein"", war mein Mantra
Doch das hier war irgendwie anders

Dachte, nur mir geht's so
...

******* This Lyrics is NOT for Commercial use *******
(1409621126359)"
38,268604186,Always Remember Us This Way,DJ Tons,"One, two
One, two, three, let's go

Clap-clap-clap, clap your hands
Get funky with it
Clap-clap-clap, clap your hands
Let's go to work

Clap-clap-clap, clap your hands
Get funky with it
Clap-clap-clap, clap your hands
Let's go to work

That Arizona sky
Burnin' in your eyes
You look at me and babe, I wanna catch on fire
It's buried in my soul
Like California gold
You found the light in me that I couldn't find

So when I'm all choked up and I can't find the words
Every time we say goodbye, baby, it hurts
When the sun goes down
And the band won't play
I'll always remember us this way

One, two
One, two, three, let's go

Clap-clap-clap, clap your hands
Get funky with it
Clap-clap-clap, clap your hands
...

******* This Lyrics is NOT for Commercial use *******
(1409621126359)"
39,267729945,Thank You (Not So Bad),"Dimitri Vegas & Like Mike feat. Tiësto, Dido, W&W, Dimitri Vegas & Like Mike","My tea's gone cold, I'm wondering why
I got out of bed at all
The morning rain clouds up my window
And I can't see at all
And even if I could, it'd all be gray
But your picture on my wall
...

******* This Lyrics is NOT for Commercial use *******
(1409621126359)"
40,260202877,Hässlich,AYLIVA,"Ich hab nie geseh'n, wie du aussiehst
Nichts passt von dem, was du anziehst
Und die Art, wie du lachst
Geht mir richtig auf den Sack

Und ich weiß, du bleibst da, wo du bist
Während alles um dich sich weiterdreht
Aber, aber, aber du

Kennst kein Gleichgewicht
Hältst nichts fest, was dir wichtig ist
Glaub mir, ich vermiss dich nicht
Glaub mir, ich vermiss dich nicht

Hab dich so geliebt, aber ich
Find, ohne mich siehst du einfach so hässlich aus
So hässlich aus, Babe

...

******* This Lyrics is NOT for Commercial use *******
(1409621126359)"
41,271405977,Can't Get Enough,Jennifer Lopez,"I just wanna
I just feel like, ooh
Every time I see ya
I just ooh, hey

I feel like startin' something
You got my engine runnin'
You got the keys to turn me on and on
You got me acceleratin' I want to celebrate it
Can't nothing take me out my zone
It's on

When it feels right nothing else matters
Is this real life too good to be true
Take me all night
I can feel the passion in your eyes
I'm still in love with you

You know I can't get enough (I love that shit)
You know I can't get enough (you love that shit)
You know I can't get enough (give me all that shit)
Can't get enough

...

******* This Lyrics is NOT for Commercial use *******
(1409621126359)"
42,117049328,Con te partirò,Jonas Kaufmann feat. Orchestra del Teatro Massimo di Palermo & Asher Fisch,"Quando sono solo sogno all'orizzonte e mancan le parole
Sì, lo so che non c'è luce in una stanza quando manca il sole
Se non ci sei tu con me, con me
Su le finestre, mostra a tutti il mio cuore che hai acceso
Chiudi dentro me la luce che hai incontrato per strada

Con te partirò
Paesi che non ho mai
Veduto e vissuto con te
Adesso sì li vivrò
Con te partirò
Su navi per mari che, io lo so
...

******* This Lyrics is NOT for Commercial use *******
(1409621126359)"
43,253292113,ALL IN (Lieblingslieder),Fäaschtbänkler,"Komm, wir geh'n, komm, wir geh'n nie wieder
Sie spielen schon wieder unsre Lieblingslieder
All in, all in, aufs Leben
Diesen Moment wird es nur einmal geben

Auf die Freundschaft, auf die Liebe
Alles all in
Auf alle Farben im Universum
Alles all in

Komm, wir geh'n, komm, wir geh'n nie wieder
Sie spielen schon wieder unsre Lieblingslieder
All in, all in, aufs Leben
Diesen Moment wird es nur einmal geben

Auf die Freundschaft, auf die Liebe
Alles all in
...

******* This Lyrics is NOT for Commercial use *******
(1409621126359)"
44,165423184,Moin Moin Hamburg,Die Hamburger Goldkehlchen,"Hamburg, die schönste Stadt der Welt
So stolz und prachtvoll stehst du einfach da
Hamburg, du bist, was wirklich zählt
Du bist mein Glanz, bist meine Gloria
Hamburg, so alt und doch so neu
Kein Tag an dem ich nicht mal an dich denke
Oh Hamburg, ich bin dir ewig treu
Nur du kannst mir die Heimatliebe schenken

Moin, moin Hamburg, meine Perle
Ich mag dich so derbe gerne
Deine Menschen, dein Geklön, so wunderschön (moin, moin)
Moin, moin Hamburg, deine Straßen
Ordentlich Wasser, was ein Hafen
Und in 100 Jahren werd ich nicht von dir geh'n

Hamburg, du bist manchmal so kalt
Doch deine Leute wärmen mich schnell auf
Hamburg, mit dir werd ich gern alt
...

******* This Lyrics is NOT for Commercial use *******
(1409621126359)"
45,102043608,Unstoppable,Sia,"All smiles, I know what it takes to fool this town
I'll do it 'til the sun goes down
And all through the nighttime
Oh, yeah
Oh, yeah, I'll tell you what you wanna hear
Leave my sunglasses on while I shed a tear
It's never the right time
Yeah, yeah

I put my armor on, show you how strong I am
I put my armor on, I'll show you that I am

I'm unstoppable
I'm a Porsche with no brakes
I'm invincible
Yeah, I win every single game
I'm so powerful
I don't need batteries to play
I'm so confident
Yeah, I'm unstoppable today

Unstoppable today
Unstoppable today
Unstoppable today
I'm unstoppable today
...

******* This Lyrics is NOT for Commercial use *******
(1409621126359)"
46,30413216,Happy Birthday,Stevie Wonder,"You know it doesn't make much sense
There ought to be a law against
Anyone who takes offense
At a day in your celebration 'cause we all know in our minds

That there ought to be a time
That we can set aside
To show just how much we love you
And I'm sure you would agree
What could fit more perfectly
Than to have a world party on the day you came to be

Happy birthday to you
Happy birthday to you
Happy birthday
Happy birthday to you
Happy birthday to you
Happy birthday

I just never understood
How a man who died for good
Could not have a day that would
Be set aside for his recognition

Because it should never be
Just because some cannot see
The dream as clear as he
That they should make it become an illusion

And we all know everything
That he stood for time will bring
For in peace, our hearts will sing
Thanks to Martin Luther King
...

******* This Lyrics is NOT for Commercial use *******
(1409621126359)"
47,35084921,Sarà Perché Ti Amo,Ricchi E Poveri,"Che confusione
Sarà perché ti amo
È un'emozione
Che cresce piano piano
Stringimi forte e stammi più vicino
Se ci sto bene
Sarà perché ti amo

Io canto al ritmo del dolce tuo respiro
È primavera
Sarà perché ti amo
Cade una stella
Ma dimmi dove siamo
Che te ne frega
Sarà perché ti amo

E vola vola si sa
Sempre più in alto si va
E vola vola con me
Il mondo è matto perché
E se l'amore non c'è
Basta una sola canzone
...

******* This Lyrics is NOT for Commercial use *******
(1409621126359)"
48,268416067,3 Haselnüsse,Jaques Raupé feat. Felix Harrer,
49,251032699,Mangos mit Chili,Nina Chuba,"Frischer Kopf, frische Gläser
Randvoll, stoß mit jedem an
Jede Großstadt hat mich auf Postern
Und ich hab mehr als Lillet da

Frischer Wind für die Szene
Renn raus in den Regen
Tanz im Grau, weck die Straßen auf
Bis sich alle mit mir bewegen

Ja, ich geh hier nicht weg, mach's mir bequem
Bläser sind echt, spiel'n, was ich will
Ich träum von 'nem Wunder, Glück in Berlin
Mach, dass es gut wird, mach es mir schön

Schmeiß weg, was ich nicht mehr brauch
Highspeed, keiner hält mich auf
Gib mir ein'n Song und mach laut
...

******* This Lyrics is NOT for Commercial use *******
(1409621126359)"
50,263052478,"Du (Was ich will, bist du)",DJ Ötzi,"Na-na-na, na-na-na
Na-na-na, na-na-na
Na-na-na, na-na-na
Na-na-na, na-na-na

Das, was ich will, bist du
Na-na-na, na-na-na
Na-na-na-na-na-na-na
Na-na-na, na-na-na
Na-na-na-na-na-na-na
Na-na-na, na-na-na
Na-na-na-na-na-na-na
Na-na-na, na-na-na
Das, was ich will, bist du (das, was ich will, bist)

Du, immer da für mich
Egal wo, ich finde dich wie ein Satellit
In der Nacht bist du mein Licht und ich schaff mit dir
Jeden Gipfel, jedes Tal und ich danke dir

Für die tausend Male, du und ich
Was Besseres, das gibt es nicht
Wir lassen uns nie mehr im Stich
Wir machen jeden Wahnsinn mit

Und nichts ist stärker als wir zwei
...

******* This Lyrics is NOT for Commercial use *******
(1409621126359)"
51,259322662,Daylight,David Kushner,"Telling myself, ""I won't go there""
Oh, but I know that I won't care
Tryna wash away all the blood I've spilled
This lust is a burden that we both share
Two sinners can't atone from a lone prayer
Souls tied, intertwined by our pride and guilt

(Ooh) there's darkness in the distance
From the way that I've been livin'
(Ooh) but I know I can't resist it

Oh, I love it and I hate it at the same time
You and I drink the poison from the same vine
Oh, I love it and I hate it at the same time
Hidin' all of our sins from the daylight
...

******* This Lyrics is NOT for Commercial use *******
(1409621126359)"
52,259989974,Voilà,André Rieu feat. Johann Strauss Orchestra & Emma Kok,"Écoutez-moi
Moi la chanteuse à demi
Parlez de moi
À vos amours, à vos amis

Parler leur de cette fille aux yeux noirs
Et de son rêve fou
Moi ce que j'veux c'est écrire des histoires
Qui arrivent jusqu'à vous, c'est tout

Voilà, voilà, voilà, voilà qui je suis
Me voilà même si
Mise à nue j'ai peur, oui
Me voilà dans le bruit et dans le silence

Regardez-moi
Ou du moins ce qu'il en reste
Regardez-moi
Avant que je me déteste

Quoi vous dire, que les lèvres d'une autre ne vous diront pas
C'est peu de chose mais moi tout ce que j'ai
...

******* This Lyrics is NOT for Commercial use *******
(1409621126359)"
53,270012558,Jemand,Joel Brandenstein feat. Sarah Engels,"Jemand hat sich nie getraut, es dir zu sagen
Wie schön du bist
Und dass sein Herz für 'nen Moment aufhört zu schlagen
Wenn euer Blick sich trifft

Jemand wär gern dieser Jemand
Den du nie mehr wieder geh'n lässt
Was, wenn du's immer überseh'n hast?

Jemand träumt von dir
Jemand liegt hellwach jede zweite Nacht
Und wünscht sich, du wärst hier (und wünscht sich, du wärst hier)
Jemand denkt an dich in jedem Augenblick

Und wünscht sich, dass es dir auch so geht
...

******* This Lyrics is NOT for Commercial use *******
(1409621126359)"
54,268428417,Yo Phone Linging - Your Phone Is Lingin Remix,Lee Chang''s Funny Remix,"Your phone linging, your phone linging
Big boy, come pick up your phone
Why you no pick up your phone? Your phone linging
Your phone going to go to voicemail, goodbye

Your phone linging, your phone linging
...

******* This Lyrics is NOT for Commercial use *******
(1409621126359)"
55,261455874,Prada (Extended),"cassö, RAYE & D-Block Europe","'Bout to take my lady selfridges
New drip on the way, uh-huh
Rap nigga still selling bricks
Half a cake on the way, uh-huh
Take a flight, she wanna take a lift
For the molly man, he's on the way, uh-huh
I might take her the Shard
I might take her the Ritz
It don't matter, baby, I'm straight, uh-huh

I fell like I'm in princess house
Purple paint all on the walls, uh-huh
Sitting down on this fancy couch
And I can't see straight, I'm a state, uh-huh
22, I'm in Paris, baby got a strippers tits in my face, uh-huh
Pull up in a Bentley
I want Christian, I want Fendi, I want Prada
Ooh, ooh, ooh

I already make that paper
I don't need to chase no clout, wow
I don't usually pipe up
...

******* This Lyrics is NOT for Commercial use *******
(1409621126359)"
56,265609628,LET'S GET FKD UP,"Alok feat. Mondello'G, CERES & Tribbs","Oh, let's get fucked up, baby, let your body go
I make your mind go crazy and lose control
So come and move
Move
Bod-bod-bod-body
Move, move
Bod-bod-bod

So come and move with my body, let it overload
My heartbeat keep on repeating, 'bout to explode
Just turn the lights off, baby, and let it go
I make your mind go crazy, and lose control

So come and move with my body
Stay with me for the night
I just wanna party
Losing all control like
Na-na-na-na-na
Na-na-na-na-na
Na-na-na-na-na
Losing all control like

Bod-bod-bod-body
Lo-lo-losing all control like
...

******* This Lyrics is NOT for Commercial use *******
(1409621126359)"
57,264415595,Celebration,Culcha Candela,"Mein ganzer Block ist heute am Feiern
Typen auf cool, ladies on fire (jahu)
Jeder weiß Bescheid (wouh)
Egal, wo man hinschaut, nice Vibes
Nonstop zusamm'n, jede Nation
It's a celebration (jahu)

Celebrate good times, come on
Egal, welche Farben, heute Abend feiert jeder
Celebrate good times, come on
Heute sind wir alle hier Gewinner, das ist eh klar

Seid ihr alle da? Dann könnt ihr jetzt geh'n
Abgeh'n, abgeh'n, keiner bleibt steh'n, alles klar?
Nicht schwer zu versteh'n
Turn up, turn up, jo, einfach durchdreh'n
...

******* This Lyrics is NOT for Commercial use *******
(1409621126359)"
58,271175970,Bling-Bang-Bang-Born,Creepy Nuts,"チート gifted 荒技 wanted
禁忌 禁じ手 明らか盲点
反則 異次元 この世の中のもんでは無いです
無理ゲー それ聞いてないって

Ay ライバル口を揃えて
Ooh ライバル口を揃えて
バグで まぐれ 認めねーゼッテー
マジで？ コレおま全部生身で？

It's 生身 it's 生身 yeah, yeah, yeah, yeah
Bling-bang-bang, bling-bang-bang-born
Bling-bang-bang, bling-bang-bang-born

実力を発揮し切る前に
相手の方がバックれてくらしい
上がり切るハードル very happy
あきらかにダントツでピカイチ
相変わらず脱皮してる毎日 (bling, bling, bling)
誰の七光も要らないお前の ice より icy (icy)

俺 パッと見出来ない事ばっかりだけど very happy
あ キレてる呆れてる周り 恵まれてる家族友達 (happy)
もう反則的立ち位置 皆俺に任せとけば良い (bang, bang, bang)
教科書に無い 問題集に無い 超 bad な呪い listen

鏡よ鏡 答えちゃって
Who's the best? I'm the best! Oh, yeah
...

******* This Lyrics is NOT for Commercial use *******
(1409621126359)"
59,262846009,Drums (Feat. Kim Petras),James Hype feat. Kim Petras,"The less you give to me
The less you give to me
The less you give to me, the more I want it (hey)

The less you give to me, the more I want it
You push me back until I'm two steps forward
But I can see the signs, recognize where we're going
So the less you give to me, the more I want it

You know, used to dream about this
I never thought it would end up this way

The less you give to me, the more I want
Drums

Drums

Drums
...

******* This Lyrics is NOT for Commercial use *******
(1409621126359)"
60,263047984,Your New Morning Alarm,Marc Rebillet,"Oh, oh-oh-oh, oh-oh-oh-oh-oh

Get the fuck outta bed, bitch, go
Get up, get up, you gotta going, uh
...

******* This Lyrics is NOT for Commercial use *******
(1409621126359)"
61,266693449,Am I Enough,Loi,"I got this feeling and I know that it's wrong
It breaks and haunts me, I've been fighting for so long
I numb my ears and close my eyes to escape
Look at the mirror, try to smile, but it's just fake

And I'm wondering

Am I enough?
I feel like they're better and I'm broken
Am I enough?
I know it's up to me to stop the fall
So I keep running, running, yeah
Until I'm starting to wonder
'Cause I am enough
I know it's up to me to stop myself from falling

I could fill an ocean with the tears that I've cried
...

******* This Lyrics is NOT for Commercial use *******
(1409621126359)"
62,272284662,Good People,Mumford & Sons feat. Pharrell Williams,"And I'm done being tired, so right now I'm inspired
Welcome to the revelation
I was once underwater, and now I'm on fire
Welcome to the revelation (jump)
And I feel in the air that Mother Earth ain't steady
Feel so alive even though times are deadly

And in my soul (get ready)
Something is stirring now (get ready)
And I'm not worried (get ready)
You better get ready to scream now (get ready)

(Welcome to the revelation) good people been down for so long
(Welcome to the revelation) and now it's like the sun is rising
(Welcome to the revelation) good people been down for so long
(Welcome to the revelation) and now I see the sun is rising
...

******* This Lyrics is NOT for Commercial use *******
(1409621126359)"
63,272421906,Rest Of My Life,"Jonas Blue feat. Sam Feldt, Endless Summer & Sadie Rose Van","I found my ride or die up in the shadows
At first, it made me cry, hit by an arrow
Yeah, it struck me so deep in the heart
Broke over, strung out in the dark
I found my ride or die, you chased away my sorrows

And all my words will ever be enough
So I'll just show you what I mean with touch
I'm gonna love you for the rest of my life
I'm gonna love you for the rest of my life
And I'm gonna hold you as you fall asleep at night, oh-oh-oh, oh

I'll be left by your side 'til the break of day
...

******* This Lyrics is NOT for Commercial use *******
(1409621126359)"
64,243605916,Wildberry Lillet,Nina Chuba,"Ich will Immos, ich will Dollars, ich will fliegen wie bei Marvel
Zum Frühstück Canapés und ein'n Wildberry-Lillet

Ich will Immos, ich will Dollars, ich will fliegen wie bei Marvel
Ich hab Hunger, also nehm ich mir alles vom Buffet
Will ein Haus für meine Mama an der Küste von Catania
Zum Frühstück Canapés und ein'n Wildberry-Lillet

Ich will Immos, ich will Dollars, ich will fliegen wie bei Marvel
Ich hab Hunger, also nehm ich mir alles vom Buffet
Will ein Haus für meine Mama an der Küste von Catania
Zum Frühstück Canapés und ein'n Wildberry-Lillet

Ich will nach oben, ich will zum Mars, Spaceship mit Panorama
Für meine Besten immer das Beste, kaufe die Welt und keiner bezahlt
...

******* This Lyrics is NOT for Commercial use *******
(1409621126359)"
65,252701240,Lay Low,Tiësto,"Lay low, hit the sun
Everybody have a real good time
Real good time

I'm hearin' voices in my head
There's no way to escape
Da-da-da-da, they got me
Anytime, anywhere
In my mind, in the air
Da-da-da-da, surround me

(Lay low) they surround me
(Lay low) surround me
Anytime, anywhere
In my mind, in the air
They're waiting for me
Oh, they're callin' on me

Lay low, hit the sun
Everybody have a real good time
Real good time (surround me)
Yeah, we cool, yeah, we drunk
...

******* This Lyrics is NOT for Commercial use *******
(1409621126359)"
66,31189124,Bring Me To Life,Evanescence,"How can you see into my eyes like open doors?
Leading you down into my core where I've become so numb
Without a soul, my spirit's sleeping somewhere cold
Until you find it there and lead it back home

(Wake me up) wake me up inside (I can't wake up), wake me up inside
(Save me) call my name and save me from the dark
(Wake me up) bid my blood to run (I can't wake up) before I come undone
(Save me) save me from the nothing I've become

Now that I know what I'm without, you can't just leave me
Breathe into me and make me real, bring (bring) me (me) to life

(Wake me up) wake me up inside (I can't wake up), wake me up inside
...

******* This Lyrics is NOT for Commercial use *******
(1409621126359)"
67,86366779,Zombie,The Cranberries,"Another head hangs lowly
Child is slowly taken

And the violence caused such silence
Who are we mistaken?

But you see, it's not me, it's not my family
In your head, in your head they are fighting
With their tanks, and their bombs, and their bombs, and their guns
In your head, in your head they are crying

In your head, in your head
...

******* This Lyrics is NOT for Commercial use *******
(1409621126359)"
68,34601898,Ich liebe das Leben,Vicky Leandros,"Dein Koffer wartet schon im Flur
Du Iässt mich allein
Wir seh'n uns an und fühlen nur
Es muss wohl so sein
Noch stehst du zögernd in der Tür
Und fragst: ""Was wird aus dir?""

Nein, sorg dich nicht um mich
Du weißt, ich liebe das Leben
Und weine ich manchmal noch um dich
Das geht vorüber sicherlich

Was kann mir schon gescheh'n?
Glaub mir, ich liebe das Leben
Das Karussell wird sich weiterdreh'n
Auch wenn wir auseinandergeh'n

...

******* This Lyrics is NOT for Commercial use *******
(1409621126359)"
69,87317102,I Was Made For Lovin' You,Kiss,"Hmm, yeah

Do, do, do, do, do, do, do, do, do
Do, do, do, do, do, do, do
Do, do, do, do, do, do, do, do, do
Do, do, do, do, do, do, do

Tonight
I want to give it all to you
In the darkness
There's so much I want to do
And tonight
I want to lay it at your feet
'Cause girl, I was made for you
And girl, you were made for me

""I was made for lovin' you baby""
You were made for lovin' me
And I can't get enough of you baby
Can you get enough of me

Tonight
I want to see it in your eyes
...

******* This Lyrics is NOT for Commercial use *******
(1409621126359)"
70,240000869,Der Zug hat keine Bremse - Mallorcastyle Edition,Mia Julia feat. Lorenz Büffel & Malle Anja,"Der Zug, der Zug, der Zug hat keine Bremse
Zug, Zug, der Zug hat keine Bremse
Zug, Zug, der Zug hat keine Bremse
Zug, Zug, der Zug hat keine Bremse

Ich würd gern anständig studier'n
Doch geh mir viel lieber den Helm lackier'n
Ab auf die Zülpe und rein in das Ding
Rum-Cola 'n Euro, hier bin ich der King

Taumel nach rechts, taumel nach links
Wünsch mir vom DJ 'n Liedchen von Brings
Dann seh ich den Türsteher, jetzt geht es flöck
Kurz raus, eine rauchen, dann wieder zurück

Wollt eigentlich 'nen ruhigen und merke dann
Dass der Zug mal wieder nicht bremsen kann
...

******* This Lyrics is NOT for Commercial use *******
(1409621126359)"
71,256268867,9 bis 9,SIRA feat. Bausa & badchieff,"Zehn vor acht, ich lauf immer noch
Komm nicht an, nimm ein'n Schluck
Noch ein Shot, alles drin
Von neun bis neun, was ich anfass, wird zu Gold
Schwarzer Hoodie stinkt nach Smoke
Und mein Herz bewegt sich zu dem Bass

Von neun bis neun, was ich anfass, wird zu Gold
Schwarzer Hoodie stinkt nach Smoke
Und mein Herz bewegt sich zu dem Bass
Von neun bis neun, was ich anfass, wird zu Gold
Schwarzer Hoodie stinkt nach Smoke
Und mein Herz bewegt sich zu dem Bass (yeah)

Baby, guck nicht auf den Preis, ich bin jung und ich bin reich
Manchmal muss es einfach sein (Smoke, und mein Herz bewegt sich...)
In der Ferne läuft ein Song, baby, hear me when I come
Wie der King of Bongo Bong (Smoke, und mein Herz...)
...

******* This Lyrics is NOT for Commercial use *******
(1409621126359)"
72,206690033,Der letzte Tanz - Akustisch,Bosse,"Jahre zieh'n vorbei, Kindheit geht vorbei
Freunde werden alt, zwei Promille Abiball
Longdrinks gehen leer, Kopf wird voller
Alte Liebe wird schwer, yeah, yeah

Man merkt immer erst beim Abschied, was es ein'm bedeutet
Und wie schön es eigentlich war
Und nix ist immer, für immer
Für immer

Also tanz, als wär's der letzte Tanz
Als wär's der letzte Tanz, uh-uh-uh (uh)
Also küss, als wär's der letzte Kuss
Als wär's der letzte Kuss, uh-uh-uh

Nix ist für immer, nix ist für immer
Einfach alles ist nur einmal
Also tanz, als wär's der letzte
...

******* This Lyrics is NOT for Commercial use *******
(1409621126359)"
73,263857809,Overdrive (feat. Norma Jean Martine) - Extended Mix,Ofenbach feat. Norma Jean Martine,"I wanna feel the heat, I wanna own the night
I wanna feel the beat, I wanna dance tonight
I wanna lose myself, I wanna come alive
I wanna feel the love, go into overdrive

I wanna feel the heat, I wanna own the night
I wanna feel the beat, I wanna dance tonight
I wanna lose myself, I wanna come alive
I wanna feel the love, I wanna go into overdrive

Into overdrive (oh)

Mm
...

******* This Lyrics is NOT for Commercial use *******
(1409621126359)"
74,246627066,Si No Estás,iñigo quintero,"Sueñas alto, es el poder
Que te han dado desde el cielo
No, no, no, no, no

Que no sé a dónde voy
No es real
Hace ya tiempo te volviste uno más
Y odio cuando estoy lleno de este veneno
Y oigo truenos si no estás

¿Qué me has hecho? ¿Dónde estoy?
Se me aparecen mil planetas de repente
Esto es una alucinación
Quiero ver tu otra mitad
Alejarme de esta ciudad
Y contagiarme de tu forma de pensar

Miro al cielo al recordar
Me doy cuenta otra vez más
Que no hay momento que pase
...

******* This Lyrics is NOT for Commercial use *******
(1409621126359)"
75,260065807,Simple Man,Lynyrd Skynyrd,"Mama told me when I was young
""Come sit beside me, my only son
And listen closely to what I say
And if you do this, it'll help you some sunny day, ah, yeah

(Be a simple man)

Oh, take your time, don't live too fast
Troubles will come and they will pass
You'll find a woman, yeah, and you'll find love
And don't forget, son, there is someone up above

And be a simple kind of man
Oh, be something you love and understand
...

******* This Lyrics is NOT for Commercial use *******
(1409621126359)"
76,37888079,Unwritten,Natasha Bedingfield,"I am unwritten
Can't read my mind, I'm undefined
I'm just beginning
The pen's in my hand, ending unplanned

Staring at the blank page before you
Open up the dirty window
Let the sun illuminate the words that you cannot find
Reaching for something in the distance
So close you can almost taste it
Release your inhibitions

Feel the rain on your skin
No one else can feel it for you
Only you can let it in
No one else, no one else
Can speak the words on your lips
Drench yourself in words unspoken
Live your life with arms wide open
Today is where your book begins
The rest is still unwritten, yeah
Oh, oh

I break tradition
Sometimes my tries, are outside the lines yeah, yeah
We've been conditioned to not make mistakes
But I can't live that way oh, oh

...

******* This Lyrics is NOT for Commercial use *******
(1409621126359)"
77,263038557,Das tut sich doch keiner freiwillig an,Maite Kelly,"Ruf mich nicht an, sonst geh ich noch ran
Und gebe dir noch mal 'ne Chance
Komm auch nicht vorbei, sonst lass ich dich rein
Ich weiß, wir werden nicht nur tanzen

Das tut sich doch keiner freiwillig an
Weil die Liebe uns den Verstand nehmen kann
Ich schwor mir, nie wieder, nie wieder du
Und lass es immer wieder zu

Ich schwor mir, nie wieder, nie wieder du
Und lass es immer wieder zu

...

******* This Lyrics is NOT for Commercial use *******
(1409621126359)"
78,271498628,Frieden,K.I.Z,"Unterricht fällt aus in der ganzen Schule
Nine Eleven, Schweigeminute
Und ich rechne aus, wie viel Minuten wären
Das für eine Million Ruandesen
Und 'ne Million tote Irakis nur durch das Embargo

Vielleicht begann da meine mixed feelings für die NATO
Sie sagt:""Maxim, warum bist du so anti?""
Keine Ahnung, warum bist du es nicht?
Ich kiff die ganze Nacht durch vor der Musterung
Sollt ich Soldat werden, bringt mich meine Mutter um
Ich bin gegen ihren Krieg und gegen ihren Frieden
Ein Frieden so grausam, dass Menschen vor ihm fliehen
Frieden, Frieden
Wir träumen von Frieden, Frieden

Meine Brust ist voller Orden, wenn wir kommen bebt der Boden
Ein Anruf und der Himmel färbt sich dunkel von den Drohnen
Jan ist Patriot und Fabian ist Woke
Ist egal, denn hier im Schützengraben sind wir alle Bros, ey
Ja, ich sitz im Panzer
Ja, ich rolle tief

Blaka, blaka, blaka macht die Artillerie
Bruder, wir retten Europa und du Pussy gehst zur Seite
Auf deiner krassen Antikriegsdemo waren drei Leute
Lena ist die beste Scharfschützin in ihrer Einheit
Geballte Frauenpower, Boomer werden weggesnipert
Mein Nachbar ist von denen, ich grüß den Typ seit Jahren
Doch heute werfe ich einen Molotowcocktail in seinen Laden, ey

Wir träumen von Frieden, Frieden
Wir träumen von Frieden
Lass die weißen Tauben fliegen, wir träumen von Frieden
...

******* This Lyrics is NOT for Commercial use *******
(1409621126359)"
79,270587812,Head Down,Lost Frequencies feat. Bastille,"(Oh)

I was burning every candle every hour of the night
Kept on searching high and low here in the dark
I was hoping to escape, and make a change here in my life
It only takes one little thing to light a spark

And you said
""Hearts break, life can knock you to the ground
Don't hang your head down, head down
You're still young, but know the best is yet to come
Don't hang your head down, head down""

Don't hang your head down, head down
Don't hang your head down, head down
Don't hang your head down, head down
Don't hang your head down, head down

...

******* This Lyrics is NOT for Commercial use *******
(1409621126359)"
80,272452313,München (feat. Chris Hell von FJØRT),kettcar feat. FJØRT,"Da sind Yachi und ich auf dem Mannschaftsfoto
Der ersten B-Jugend bei der TSV
Wir sind zusammen auf das Heinrich-Heine gegangen
Haben unten am Spielplatz heimlich geraucht
Er kam zum Essen und meine Mutter fragte
""Darf ich einmal dein schönes schwarzes Haar anfassen?""
Du hast sie gelassen, etwas verkrampft
Gelächelt, gegessen und dich höflich bedankt

Und das Riesenrad dreht sich
Hinter Legosteinen aus Beton
Und er hörte sie fragen
""Wo bist du eigentlich hergekomm'n?""

Wo ich geboren bin? Wo ich geboren bin?
Sie fragen, wo ich geboren bin? Ich sag, ich bin geboren in
München-Harlaching, München, alte Lady
Mein Herz ist ein totgeschlagenes Robbenbaby
...

******* This Lyrics is NOT for Commercial use *******
(1409621126359)"
81,264454553,Is It Over Now? (Taylor's Version) (From The Vault),Taylor Swift,"Once the flight had flown (ah-ha)
With the wilt of the rose (ah-ha)
I slept all alone (ah-ha)
You still wouldn't go

Let's fast forward to 300 takeout coffees later
I see your profile and your smile on unsuspecting waiters
You dream of my mouth before it called you a lying traitor
You search in every maiden's bed for something greater
Baby, was it over when she laid down on your couch?
Was it over when he unbuttoned my blouse?
""Come here,"" I whispered in your ear in your dream as you passed out
Baby, was it over then
And is it over now?

When you lost control (ah-ha)
Red blood, white snow (ah-ha)
Blue dress on a boat (ah-ha)
...

******* This Lyrics is NOT for Commercial use *******
(1409621126359)"
82,262964638,Stay (Never Leave),Kris Kross Amsterdam feat. SERA & Conor Maynard,"Uh, uh, uh-oh
Uh, uh, uh-oh

Met this girl last night
Hit it off real nice
Got a little close, yeah
She was just my type
Million dollar smile
I'm convinced she knows

Hopped in the taxi
We started in the backseat
Got tangled in the bedsheets
I know it's not so classy, but
Made sure I told her from the start
I'm not looking for no love
Not gon' be around
It's here, right now
I'm in, I'm out

If you want me to stay
I'll never leave
What you want me to say?
Thought I made it clear
If you want me to stay
I'll never leave
Now you want me to stay
Now you want me to stay
...

******* This Lyrics is NOT for Commercial use *******
(1409621126359)"
83,262149169,American Town,Ed Sheeran,"We're a long way from home
Haven't seen you in so long
But it all came back in one moment
And the year started cold
But I didn't notice at all
When we found there's a room we're both in

We get Chinese food in small white boxes
Live the life we saw in Friends
Your room, it barely fits the mattress
Wake up, leave for work again
The wind, it seems to blow right through us
Down jackets are the trend
The rush of rushing deep into love

English girl in an American town
No elevator to the fifth floor
I'll ring on the buzzer, then you'll be right down
I wish time would freeze

Dungarees over the hoodie, we're out
Feet are three feet off the ground
Lost in love, and we don't wanna be found
It's just you and me
My English girl in an American town
In an American town

The days come and go
But it ends when doors close
...

******* This Lyrics is NOT for Commercial use *******
(1409621126359)"
84,264808162,know that you're not alone,Cat Burns,"I'm not gettin' any younger
The years are catchin' up on me
I'm almost 23, mmm
I quit my job, it wasn't healthy
I'm not where I wanna be
Where I wanna be

But therapy has kinda helped me
Learn that it's okay not to be okay

Thought I'd be flyin' by now
But I feel so glued to the ground
I look around, everybody's in the same boat
So let go and know that you're not alone
Thought I'd have it all figured out
Feels like my world's upside down
When nothin' feels like home
It's good to know, know that you're not alone
...

******* This Lyrics is NOT for Commercial use *******
(1409621126359)"
85,124672230,Auffe aufn Berg,Jägermeister DJ Alex & Matty Valentino,"Es isch Wochenende, i steig in mei Auto
Heid geht's wieder los
I will nur no weg, oafach mol raus do
Heid wird's wieder grandios

I fahr in die Berg nei
Des Radio lafft, d'Sonn scheint
Heid geht's wieder los
I konn's net erwarten, i wui endlich starten
Heid wird's wieder grandios

I gfrei mi dass i do bin
Und schau de weiße Wand o
I hoi ma meine Ski
Und dann gib i des Kommando

Auffe aufn Berg und oba mit de Ski
Eine in die Hüttn und die Händ in die Höh
Aussa mit de Hasal und ei mim Jagertee
Oida, des is schee, he

...

******* This Lyrics is NOT for Commercial use *******
(1409621126359)"
86,126372373,Something Just Like This,The Chainsmokers feat. Coldplay,"I've been reading books of old
The legends and the myths
Achilles and his gold
Hercules and his gifts
Spider-Man's control
And Batman with his fists
And clearly, I don't see myself upon that list

But she said, ""Where'd you wanna go?
How much you wanna risk?
I'm not looking for somebody with some superhuman gifts
Some superhero
Some fairy tale bliss
Just something I can turn to
Somebody I can kiss""

I want something just like this
Doo-doo-doo, doo-doo-doo
Doo-doo-doo, doo, doo-doo
Doo-doo-doo, doo-doo-doo
Oh, I want something just like this
Doo-doo-doo, doo-doo-doo
Doo-doo-doo, doo, doo-doo
Doo-doo-doo, doo, doo-doo
...

******* This Lyrics is NOT for Commercial use *******
(1409621126359)"
87,158988975,Shallow,Lady Gaga feat. Bradley Cooper,"Tell me something, girl
Are you happy in this modern world?
Or do you need more?
Is there something else you're searchin' for?

I'm falling
In all the good times, I find myself longin' for change
And in the bad times, I fear myself

Tell me something, boy
Aren't you tired trying to fill that void?
Or do you need more?
Ain't it hard keeping it so hardcore?

...

******* This Lyrics is NOT for Commercial use *******
(1409621126359)"
88,84288640,Hells Bells,AC/DC,"I'm rolling thunder, pouring rain
I'm coming on like a hurricane
My lightning's flashing across the sky
You're only young, but you're gonna die
I won't take no prisoners, won't spare no lives
Nobody's putting up a fight
I got my bell, I'm gonna take you to hell
I'm gonna get ya, Satan get ya

Hells bells
Hells bells, you got me ringing
Hells bells, my temperature's high
Hells bells
...

******* This Lyrics is NOT for Commercial use *******
(1409621126359)"
89,170306150,Someone You Loved,Lewis Capaldi,"I'm going under and this time I fear there's no one to save me
This all or nothing really got a way of driving me crazy

I need somebody to heal, somebody to know
Somebody to have, somebody to hold
It's easy to say, but it's never the same
I guess I kinda liked the way you numbed all the pain

Now the day bleeds into nightfall
And you're not here to get me through it all
I let my guard down, and then you pulled the rug
I was getting kinda used to being someone you loved

I'm going under and this time I fear there's no one to turn to
...

******* This Lyrics is NOT for Commercial use *******
(1409621126359)"
